{
    "train": {
        "accuracy": 0.8191577196121216,
        "auc": 0.8279067277908325,
        "loss": 0.5319227576255798
    },
    "validation": {
        "accuracy": 0.7868852615356445,
        "auc": 0.6811491250991821,
        "loss": 0.5623449087142944
    },
    "test": {
        "accuracy": 0.7735294103622437,
        "auc": 0.6684673428535461,
        "loss": 0.5815990567207336
    }
}